index,sending_time,recv_time,inference_time
0,1743772429.0100546,1743772429.0205321,0
