index,sending_time,recv_time,inference_time
0,1743772980.8632574,1743772980.8745375,0
