index,sending_time,recv_time,inference_time
0,1743772568.2524152,1743772568.2630787,0
