index,sending_time,recv_time,inference_time
0,1743772967.2479384,1743772967.2594438,0
