index,sending_time,recv_time,inference_time
0,1743770815.7408683,1743770815.7418714,0
1,1743770815.7419024,1743770815.7421496,0
2,1743770815.742174,1743770815.7423947,0
3,1743770815.7424154,1743770815.742632,0
4,1743770815.7426515,1743770815.7428782,0
5,1743770815.742902,1743770815.7431257,0
6,1743770815.7431536,1743770815.7433388,0
7,1743770815.743368,1743770815.7435489,0
8,1743770815.7435653,1743770815.743759,0
9,1743770815.7437756,1743770815.7439723,0
