index,sending_time,recv_time,inference_time
0,1743773173.5614681,1743773173.5717623,0
