index,sending_time,recv_time,inference_time
0,1743771123.180386,1743771123.1912198,0
