index,sending_time,recv_time,inference_time
0,1743772446.342685,1743772446.3531427,0
