index,sending_time,recv_time,inference_time
0,1743772463.2643166,1743772463.2748694,0
